{"cameraMode":{"drawMode":0,"name":"Shaded","section":"Shading Mode"},"sceneLighting":false,"audioPlay":false,"sceneViewState":{"showFog":true,"showMaterialUpdate":false,"showSkybox":false,"showFlares":true,"showImageEffects":true,"showParticleSystems":true,"showVisualEffectGraphs":true,"m_FxEnabled":true},"in2DMode":false,"pivot":{"x":-0.3088383674621582,"y":1.1293931007385255,"z":2.7311794757843019},"rotation":{"x":0.06931117177009583,"y":0.08131513744592667,"z":-0.005662481766194105,"w":0.9942790269851685},"size":0.8606796860694885,"orthographic":true}