{"cameraMode":{"drawMode":0,"name":"Shaded","section":"Shading Mode"},"sceneLighting":false,"audioPlay":false,"sceneViewState":{"showFog":true,"showMaterialUpdate":true,"showSkybox":false,"showFlares":true,"showImageEffects":true,"showParticleSystems":true,"showVisualEffectGraphs":true,"m_FxEnabled":true},"in2DMode":false,"pivot":{"x":0.028796762228012086,"y":0.38929104804992678,"z":-0.042423367500305179},"rotation":{"x":0.2831155061721802,"y":0.021032828837633134,"z":-0.006169997621327639,"w":0.9588949084281921},"size":0.7086853981018066,"orthographic":true}