{"cameraMode":{"drawMode":0,"name":"Shaded","section":"Shading Mode"},"sceneLighting":false,"audioPlay":false,"sceneViewState":{"showFog":true,"showMaterialUpdate":false,"showSkybox":false,"showFlares":true,"showImageEffects":true,"showParticleSystems":true,"showVisualEffectGraphs":true,"m_FxEnabled":true},"in2DMode":false,"pivot":{"x":1.190000057220459,"y":1.0154560804367066,"z":-3.678605079650879},"rotation":{"x":0.0014659533044323326,"y":0.9949573278427124,"z":-0.0994236022233963,"w":0.014622245915234089},"size":1.3898028135299683,"orthographic":true}