{"cameraMode":{"drawMode":0,"name":"Shaded","section":"Shading Mode"},"sceneLighting":false,"audioPlay":false,"sceneViewState":{"showFog":true,"showMaterialUpdate":false,"showSkybox":false,"showFlares":true,"showImageEffects":true,"showParticleSystems":true,"showVisualEffectGraphs":true,"m_FxEnabled":true},"in2DMode":false,"pivot":{"x":6.138999938964844,"y":1.0172524452209473,"z":1.4880000352859498},"rotation":{"x":0.06931117177009583,"y":0.08131513744592667,"z":-0.005662481766194105,"w":0.9942790269851685},"size":3.439272403717041,"orthographic":true}