{"cameraMode":{"drawMode":0,"name":"Shaded","section":"Shading Mode"},"sceneLighting":false,"audioPlay":false,"sceneViewState":{"showFog":true,"showMaterialUpdate":false,"showSkybox":false,"showFlares":true,"showImageEffects":true,"showParticleSystems":true,"showVisualEffectGraphs":true,"m_FxEnabled":true},"in2DMode":false,"pivot":{"x":-12.577786445617676,"y":3.220909595489502,"z":10.216890335083008},"rotation":{"x":0.06931117177009583,"y":0.08131513744592667,"z":-0.005662481766194105,"w":0.9942790269851685},"size":0.000016797937860246748,"orthographic":true}